{"nextId":10,"lancamentos":[{"valor":10,"categoria":"Salário","data":"09/06/2020","id":1},{"id":2,"valor":20,"categoria":"Salário","data":"09/06/2020"},{"id":3,"valor":30,"categoria":"Salário","data":"09/06/2020"},{"id":4,"valor":-5,"categoria":"Compras","data":"09/06/2020"},{"id":5,"valor":40,"categoria":"Salário","data":"09/06/2020"},{"id":6,"valor":50,"categoria":"Salário","data":"09/06/2020"},{"id":7,"valor":-10,"categoria":"Compras","data":"09/06/2020"},{"id":8,"valor":-10,"categoria":"Compras","data":"09/06/2020"},{"id":9,"valor":50,"categoria":"Salário","data":"09/06/2020"}]}